<?xml version="1.0"?>
<fsm firststate="Empty" initaction="initAction.ser">
        <states>
                <state name="Empty"/>
                <state name="Collect" initaction="collectEntry.ser"/>
                <state name="Full" initaction="fullEntry.ser"/>
        </states>
        <events>
                <event name="feedChar"/>
                <event name="EOL"/>
                <event name="release"/>
        </events>
        <transitions>
                <transition sourcestate="Empty"
                            targetstate="Collect"
                            event="feedChar"
                            action="processChar.ser"/>
                <transition sourcestate="Collect"
                            targetstate="Collect"
                            event="feedChar"
                            action="processChar.ser"/>
                <transition sourcestate="Collect"
                            targetstate="Full"
                            event="EOL"
                            action="skip.ser"/>
                <transition sourcestate="Full"
                            targetstate="Empty"
                            event="release"
                            action="reset.ser"/>
        </transitions>
</fsm>