<?xml version="1.0"?>
<fsm firststate="A" initaction="Helloworld.ser">
        <states default="A">
                <state name="D" default="B">
                        <state name="A" 
                               initaction="enter.ser" 
                               exitaction="leave.ser"/>
                        <state name="B" 
                               initaction="enter.ser" 
                               exitaction="leave.ser"/>
                </state>  
                <state name="C" initaction="enter.ser" 
                                exitaction="leave.ser"/>                
        </states>
        
        <events>
                <event name="e"/>
                <event name="f"/>
                <event name="g"/>
                <event name="h"/>
        </events>

        <transitions>
                <transition sourcestate="A"
                            targetstate="B"
                            event="g"
                            action="Helloworld.ser"/>
                <transition sourcestate="D"
                            targetstate="C"
                            event="f"
                            action="Helloworld.ser"/>
                <transition sourcestate="C"
                            targetstate="A"
                            event="e"
                            action="Helloworld.ser"/>                            
                <transition sourcestate="C"
                            targetstate="B"
                            event="h"
                            action="Helloworld.ser"/>                            
        </transitions>                
</fsm>
