<?xml version="1.0"?>
<fsm firststate="Closed">
        <states>
                <state name="Closed"/>
                <state name="Listen"/>
                <state name="SYN Received"/>
                <state name="SYN Sent"/>
                <state name="Established"/>
                <state name="FIN Wait (1)"/>
                <state name="FIN Wait (2)"/>
                <state name="Closing"/>
                <state name="Close Wait"/>
                <state name="Last ACK"/>
                <state name="Time Wait"/>
        </states>
        <events>
                <event name="Passive open"/>
                <event name="Active open"/>
                <event name="Close"/>
                <event name="Send"/>
                <event name="Received ACK of SYN"/>
                <event name="Receive ACK of FIN"/>
                <event name="Receive SYN, ACK"/>
                <event name="Receive FIN"/>
                <event name="Receive SYN"/>
                <event name="Timeout (2ms)"/>
        </events>
        <transitions>
                <transition sourcestate="Closed"
                            event="Passive open"
                            targetstate="Listen"
                            actionclass="create TCB"/>

                <transition sourcestate="Listen"
                            event="Close"
                            targetstate="Closed"
                            actionclass="delete TCB"/>

                <transition sourcestate="Closed"
                            event="Active open"
                            targetstate="SYN Sent"
                            actionclass="create TCB\nsend SYN"/>

                <transition sourcestate="SYN Sent"
                            event="Close"
                            targetstate="Closed"
                            actionclass="delete TCB"/>

                <transition sourcestate="Listen"
                            event="Receive SYN"
                            targetstate="SYN Received"
                            actionclass="sent SYN, ACK"/>

                <transition sourcestate="Listen"
                            event="Send"
                            targetstate="SYN Sent"
                            actionclass="send SYN"/>

                <transition sourcestate="SYN Sent"
                            event="Receive SYN"
                            targetstate="SYN Received"
                            actionclass="send ACK"/>

                <transition sourcestate="SYN Sent"
                            event="Receive SYN, ACK"
                            targetstate="Established"
                            actionclass="send ACK"/>

                <transition sourcestate="SYN Received"
                            event="Received ACK of SYN"
                            targetstate="Established"
                            actionclass="do nothing"/>

                <transition sourcestate="SYN Received"
                            event="Close"
                            targetstate="FIN Wait (1)"
                            actionclass="Send FIN"/>

                <transition sourcestate="Established"
                            event="Close"
                            targetstate="FIN Wait (1)"
                            actionclass="send FIN"/>

                <transition sourcestate="Established"
                            event="Receive FIN"
                            targetstate="Close Wait"
                            actionclass="send ACK"/>

                <transition sourcestate="FIN Wait (1)"
                            event="Receive ACK of FIN"
                            targetstate="FIN Wait (2)"
                            actionclass="do nothing"/>

                <transition sourcestate="FIN Wait (1)"
                            event="Receive FIN"
                            targetstate="Closing"
                            actionclass="send ACK"/>

                <transition sourcestate="FIN Wait (2)"
                            event="Receive FIN"
                            targetstate="Time Wait"
                            actionclass="Send ACK"/>

                <transition sourcestate="Closing"
                            event="Receive ACK of FIN"
                            targetstate="Time Wait"
                            actionclass="do nothing"/>

                <transition sourcestate="Time Wait"
                            event="Timeout (2ms)"
                            targetstate="Closed"
                            actionclass="delete TCB"/>

                <transition sourcestate="Close Wait"
                            event="Close"
                            targetstate="Last ACK"
                            actionclass="Send FIN"/>

                <transition sourcestate="Last ACK"
                            event="Receive ACK of FIN"
                            targetstate="Closed"
                            actionclass="do nothing"/>
        </transitions>                
</fsm>
